Threads,TotalAlgorithmTime_s
1,0.830000
2,0.541841
4,0.424132
8,0.437938
16,0.441730
