Threads,TotalAlgorithmTime_s
1,0.630440
2,0.387793
4,0.328195
8,0.344669
16,0.352575
