Threads,TotalAlgorithmTime_s
1,3.127052
2,1.925829
4,1.438157
8,1.865895
16,2.848046
