Threads,TotalAlgorithmTime_s
1,3.627613
2,2.237609
4,1.849427
8,1.892507
16,1.907848
