Threads,TotalAlgorithmTime_s
1,0.149868
2,0.086275
4,0.066012
8,0.057711
16,0.069135
