Threads,TotalAlgorithmTime_s
1,3.136093
2,1.653580
4,1.633273
8,1.184009
16,0.906852
