Threads,TotalAlgorithmTime_s
1,11.596520
2,12.601964
4,8.404416
8,6.013928
16,3.616623
