Threads,TotalAlgorithmTime_s
1,10.272037
2,6.392168
4,6.008700
8,3.765612
16,2.932337
