Threads,TotalAlgorithmTime_s
1,0.392820
2,0.266550
4,0.174915
8,0.153782
16,0.141737
