Threads,TotalAlgorithmTime_s
1,2.143909
2,1.420566
4,1.101049
8,0.947379
16,1.200950
